"firstName","lastName","location","prevSalary","currSalary","org"
"Nancee","Ramsdell","China","11010.09","6366.62","IT Support"
"Karola","Rigardeau","Japan","10015.23","6632.52","Technology"
"Wendall","Broadbear","Philippines","10159.20","5117.81","HR"
"Klarrisa","Newburn","China","4521.53","7644.25","Design"
"Olva","Pentycross","China","4289.98","8241.73","Technology"
"Allin","Offiler","Japan","5996.50","9943.82","HR"
"Didi","Lamport","China","9264.57","5582.78","Legal"
"Hannis","Raselles","China","12442.69","12530.09","Finance"
"Roseanna","Bush","China","9915.21","4601.17","IT Support"
"Creight","Yashnov","Philippines","7581.12","5405.27","HR"
"Armando","Laughnan","China","5295.45","5194.99","Design"
"Trudey","Wealleans","Japan","11117.05","9815.68","Design"
"Bernadina","Rouse","China","10647.92","5921.01","Finance"
"Ring","Joannic","China","7505.34","5505.13","Technology"
"Dominga","Camings","China","4962.04","11362.81","IT Support"
"Roland","Josefsson","Thailand","6008.72","4023.10","IT Support"
"Idelle","Bricksey","China","11877.53","12095.83","HR"
"Tiphanie","Pabel","Malaysia","10044.07","7831.97","IT Support"
"Yvette","McAne","China","12403.89","6814.39","HR"
"Rivkah","Fakeley","Philippines","11469.92","7874.14","IT Support"
"Carolann","Reston","Vietnam","12613.38","7553.72","HR"
"Munroe","Cawston","Philippines","4285.01","5577.27","Legal"
"Gaston","Guyton","Philippines","6140.98","7768.32","Design"
"Madlen","Martine","Thailand","6974.67","5917.05","Finance"
"Hubert","Banbrick","Philippines","5667.96","5920.06","Legal"
"Jase","Cordsen","Japan","7211.24","5844.45","HR"
"Ellissa","Cliburn","Philippines","12088.57","5669.40","Design"
"Hubie","Aitchinson","China","7313.37","9797.83","Finance"
"Orville","Krug","Philippines","10467.14","10264.51","Technology"
"Luella","Hilhouse","China","9076.85","9236.05","Legal"
"Rad","Atkirk","Philippines","6339.00","5505.98","Technology"
"Fanya","Summerlie","Philippines","12884.84","5698.97","Finance"
"Cecily","Getch","China","6724.14","8701.68","Finance"
"Allina","Jerrans","Philippines","12586.55","11353.77","IT Support"
"Leonard","Farloe","China","7084.27","8913.82","IT Support"
"Baudoin","Ellesworthe","China","4681.79","7642.38","HR"
"Lawry","Stedmond","Philippines","9587.87","6023.72","Technology"
"Harriet","Mathelon","Japan","7614.41","10199.64","IT Support"
"Maure","Orrin","China","11259.69","12948.50","Legal"
"Inna","McGill","China","4609.56","9044.54","Legal"
"Farlee","Brandrick","Japan","7143.49","6234.84","IT Support"
"Samantha","Hessle","China","8718.91","6632.95","IT Support"
"Niels","End","China","11551.94","8000.06","Finance"
"Mandi","Geleman","Thailand","7093.38","11950.09","HR"
"Felice","Garshore","Thailand","7572.73","9886.22","Legal"
"Rolando","Scarsbrooke","China","6521.82","12993.24","Finance"
"Stepha","Fould","China","12463.12","11253.40","HR"
"Herschel","Verick","Philippines","8800.13","12835.06","Technology"
"Terese","Woolrich","China","7904.49","8569.53","HR"
"Lorene","Courage","Philippines","9476.02","9983.77","HR"
"Jeane","Amberg","China","4072.81","8258.98","Finance"
"Leticia","Hanmer","China","4022.03","4909.35","IT Support"
"Theda","Cappell","China","8119.69","5680.65","IT Support"
"Ranna","Iozefovich","China","8411.22","6804.21","IT Support"
"Aluin","Klawi","China","12183.50","11472.77","Finance"
"Markus","Adamkiewicz","China","12675.86","9498.54","Design"
"Helge","Laurenty","China","11445.35","4338.84","IT Support"
"Charla","Bains","China","7348.28","7803.85","Design"
"Murdock","Sulman","Philippines","11232.43","12614.61","Technology"
"Cammie","Matelaitis","Malaysia","12818.71","10247.78","HR"
"Basilius","Dictus","China","4282.96","8407.49","Design"
"Melly","Hentze","China","7358.92","11174.15","Legal"
"Jarib","Lepere","China","4647.18","10381.29","Legal"
"Demetris","Bretland","China","11920.31","12947.58","HR"
"Ardis","Yashnov","Philippines","12529.15","8739.82","IT Support"
"Sheree","Sweetzer","China","8708.81","10642.11","Legal"
"Blondell","Comar","China","6519.70","10538.21","Technology"
"Lea","Gammel","Philippines","10133.79","6654.39","Legal"
"Anita","Hincham","China","12840.96","7160.23","IT Support"
"Thorin","Rochewell","China","6551.82","5499.36","Technology"
"Lindsey","Feechum","China","10912.23","12396.81","Technology"
"Yankee","Dun","China","9748.50","10672.36","IT Support"
"Norrie","Kaspar","China","7691.60","6517.22","IT Support"
"Chelsey","Segrave","China","9406.57","11250.75","Finance"
"Olly","Sproat","China","9105.43","12714.39","Design"
"Benedicto","Marquot","Philippines","8912.65","9447.06","Technology"
"Christoph","Huntingford","China","9376.76","9924.82","Design"
"Emelen","Blanchet","Japan","8008.83","7228.99","HR"
"Paulina","Appleford","Japan","5295.99","6359.16","Technology"
"Angy","Gather","China","5629.41","5444.46","Design"
"Tibold","McVane","China","6194.96","11235.47","Design"
"Lynette","Hume","Thailand","4810.75","9364.71","Finance"
"Electra","Perocci","China","12423.28","5394.49","Technology"
"Riane","Tott","China","6808.43","7743.78","Design"
"Daryl","Kirvell","Thailand","11796.66","5980.30","Finance"
"Domenico","Kabos","China","11444.54","8155.23","Design"
"Frederico","Duckers","China","4021.15","11327.93","Technology"
"Nelli","Curnock","China","5208.52","8057.76","HR"
"Shantee","Delacroix","China","12578.75","8098.82","IT Support"
"Noam","Went","China","8251.36","9608.91","Design"
"Zola","Prettejohns","China","7797.80","9069.64","Finance"
"Nona","Gouldeby","China","12468.39","11223.34","Technology"
"Doe","Cluer","China","4113.78","9658.80","HR"
"Bobbi","Dunning","China","8828.58","11359.83","IT Support"
"Nikos","Creasy","China","11244.50","8019.72","Legal"
"Kincaid","Herculson","China","6934.98","12701.78","IT Support"
"Brantley","Reppaport","China","8523.35","6219.78","Design"
"Teador","Hasselby","China","6526.20","4387.02","Finance"
"Riccardo","Maytum","China","12185.93","5615.87","Finance"
"Alfons","Agass","China","6302.12","6075.32","IT Support"
"Dell","Buse","China","7005.01","6875.74","IT Support"
"Anette","Amdohr","Thailand","12399.45","8590.07","Design"
"Obie","Spadoni","China","5780.17","11150.47","Legal"
"Deanne","Nimmo","China","8394.91","5315.54","Legal"
"Robyn","Leggat","Philippines","4804.64","7182.66","HR"
"Koenraad","Jurasek","Philippines","10219.42","10060.11","IT Support"
"Laurie","Crother","China","6311.67","10402.68","Legal"
"Farris","Jakubczyk","China","8176.01","6153.56","Legal"
"Coraline","Prevost","China","4575.86","6553.75","Legal"
"Kristi","Swadon","China","12601.26","9333.25","Design"
"Lorenzo","Szymanzyk","China","11269.34","7186.90","IT Support"
"Pooh","Costerd","China","5542.77","6985.43","Legal"
"Margette","Bassham","China","10006.14","4782.08","IT Support"
"Adora","Autin","China","12125.25","9829.01","HR"
"Hyatt","Wolfarth","Philippines","5403.96","12767.84","Technology"
"Nat","Bromage","China","10785.20","11344.41","IT Support"
"Vernon","Dedon","China","12474.22","11037.77","Finance"
"Wilone","Williment","China","7936.41","10168.08","IT Support"
"Martina","Ockendon","Thailand","11155.32","5004.55","Technology"
"Towny","Willey","China","9849.44","10968.41","Technology"
"Huey","Mewha","Philippines","11448.02","12107.48","Legal"
"Randall","Gheeorghie","Philippines","6631.46","4137.98","IT Support"
"Saleem","Leeuwerink","China","5639.12","6275.82","Design"
"Tann","Mellings","China","10877.22","10188.82","Legal"
"Lindsay","Firmage","China","10427.43","9697.42","Finance"
"Emmerich","Royson","China","5454.93","11267.33","Technology"
"Mellie","Steuart","Japan","12110.22","9321.47","HR"
"Krishna","Weatherby","Philippines","5960.28","8997.62","Legal"
"Wells","Francillo","China","4262.26","4029.65","Finance"
"Locke","Flipek","Thailand","7322.02","11744.19","Legal"
"Aretha","Hatton","Philippines","5753.06","4354.67","Legal"
"Aleda","Cresser","Thailand","8258.58","10469.72","Design"
"Merrile","Legister","China","12233.39","11149.53","Legal"
"Maurie","Fishlock","China","5219.55","7611.92","IT Support"
"Nancy","Nasey","China","12724.32","7995.44","Legal"
"Belia","Aindriu","China","5285.81","4654.08","HR"
"Kiel","Mabbott","China","8028.78","11521.36","Design"
"Cassie","Le Guin","China","7369.46","5999.42","Design"
"Alphonso","Corsar","China","6291.23","11432.81","Technology"
"Nadiya","Hayer","China","9010.54","8342.38","Legal"
"Rosabel","O'Gavin","China","5748.08","9063.58","Legal"
"Kip","Bris","Malaysia","5076.36","7369.83","Finance"
"Phyllida","Castagna","China","11816.04","4944.82","HR"
"Jasen","Doone","China","8006.79","7501.11","Finance"
"Lizbeth","Shelmardine","China","9040.77","10332.86","Design"
"Corette","Bowe","Philippines","7377.66","7473.81","Design"
"Sayres","Stitle","China","8908.66","6854.56","Legal"
"Billie","McEvilly","China","11333.41","12737.41","Legal"
"Judas","Huge","China","5577.30","10650.49","HR"
"Annice","Manass","Philippines","4452.96","10438.16","Technology"
"Delano","Thorneloe","Japan","8026.21","4488.32","IT Support"
"Darsey","Joron","China","4654.36","9131.51","Finance"
"Cam","Brokenshaw","Japan","8161.24","5038.57","Legal"
"Marissa","Stathor","Japan","10394.47","8890.25","IT Support"
"Odo","Bowdrey","China","10002.51","12692.58","IT Support"
"Ronny","Rotherham","Philippines","4265.69","12722.73","Technology"
"Rich","McSkin","China","8139.29","5628.00","IT Support"
"Vally","Bapty","China","10218.91","11071.90","IT Support"
"Eva","Scarlin","China","6866.07","4912.88","IT Support"
"Sharia","Antic","Philippines","12685.50","7459.21","Finance"
"Jacquie","Blowick","China","4761.79","6567.27","IT Support"
"Kelcey","Brogioni","China","7226.96","12215.94","Legal"
"Winna","Rainer","China","4635.77","9667.57","IT Support"
"Brandise","Grigoliis","Japan","11073.38","5158.13","Technology"
"Abbey","Ethington","China","10216.72","10792.32","Design"
"Faun","Dourin","China","11022.38","5099.21","Technology"
"Tiffy","Petriello","China","11745.79","7347.19","Finance"
"Quillan","Kendall","Philippines","6763.86","12050.98","Finance"
"Noby","Boulton","Japan","11254.93","11049.29","Finance"
"Ermanno","Causley","China","9774.78","7849.71","IT Support"
"Andi","Whimpenny","Thailand","12791.19","9857.33","IT Support"
"Erminia","McCulloch","Vietnam","4330.23","5717.06","Design"
"Michele","Balser","Philippines","10821.80","10610.53","HR"
"Zane","Wigfield","Japan","10072.41","12741.26","HR"
"Kylie","Skittreal","China","5405.31","9193.34","Design"
"Adah","Galero","China","10398.30","4952.75","Technology"
"Bartholomeus","Proudley","Vietnam","7994.43","11284.51","IT Support"
"Alastair","Newlyn","Philippines","5391.12","7589.41","Finance"
"Lilias","Feedham","Japan","4631.84","12113.15","Technology"
"Melisent","Diprose","China","9245.79","9503.72","Technology"
"Vite","McHan","China","10014.29","11863.05","Technology"
"Timoteo","Thaxton","China","8881.86","8309.82","HR"
"Loren","Durward","Philippines","10377.30","8208.73","Finance"
"Porty","Yanele","Japan","5239.02","8267.84","HR"
"Henri","Saffin","China","12344.81","6144.63","Finance"
"Cam","Rabjohn","China","11775.12","10391.23","Legal"
"Neils","Tolwood","China","5024.00","4069.14","Legal"
"Dixie","Adamovitz","Thailand","8778.41","10898.10","Finance"
"Bendicty","Effnert","China","6074.81","9921.01","Design"
"Joyce","Gittings","Philippines","6736.49","6931.28","Finance"
"Anastasie","Paula","China","12704.11","10182.98","Technology"
"Ferdinande","Brodley","China","4259.24","9699.37","Legal"
"Ellerey","Apfel","Thailand","8937.05","12543.23","HR"
"Merry","Di Carlo","China","7986.59","7669.43","Legal"
"Cathryn","Bidder","Thailand","6308.67","7059.42","IT Support"
"Annamaria","Gudahy","Thailand","4231.77","7944.68","Legal"
"Sanderson","MacAleese","China","4811.31","4819.32","Legal"
"Wolf","Howship","Thailand","12994.71","4492.40","Design"
"Mar","Scarce","Vietnam","7038.19","4605.06","HR"
"Julio","Chellam","China","9375.47","4824.03","IT Support"
"Cad","Takos","Thailand","4815.73","8877.28","Finance"
"Anthiathia","Van der Beken","China","12076.36","8499.55","HR"
"Esmeralda","Crayton","China","7297.53","7292.37","HR"
"Rupert","Bates","China","6903.99","11132.28","Design"
"Hedwig","Rowlstone","Philippines","8060.08","12719.97","Legal"
"Stacy","Le Noire","Philippines","5063.81","10179.93","Legal"
"Luce","Bompass","China","7710.74","11699.88","Technology"
"Rafaello","Peggram","China","12081.76","5276.06","IT Support"
"Auguste","O'Duane","China","4280.07","4365.50","IT Support"
"Yuri","McMaster","China","10975.02","12155.01","HR"
"Mikael","Tuckey","Thailand","12754.28","6776.55","Technology"
"Nicholle","Lydden","China","7118.08","6649.26","Legal"
"Aaren","Skyme","Japan","12065.77","10568.44","HR"
"Bethena","Sells","China","9202.03","11744.27","Design"
"Graeme","Wakeley","Philippines","9228.62","5455.12","IT Support"
"Catlaina","Wettern","Thailand","10375.01","12717.86","Finance"
"Donavon","Potes","China","4489.70","11991.17","Finance"
"Jodi","Morefield","China","5923.71","5368.45","Legal"
"Travus","Coventon","China","8201.15","7676.52","Legal"
"Norrie","Juszczyk","China","9085.69","5012.92","IT Support"
"Gerti","Cresser","China","4345.99","10218.83","Legal"
"Kacy","Oatley","China","10985.67","12931.86","Design"
"Lorry","Grigsby","China","9242.99","6533.01","Design"
"Marianne","Sandever","Philippines","4049.13","7901.99","Finance"
"Marlo","Antonopoulos","China","7911.22","7900.14","Legal"
"Kiah","Dumbelton","China","9080.46","6266.22","Finance"
"Nady","Stare","China","12672.25","9701.20","HR"
"Teena","Bow","China","5267.01","12762.65","Technology"
"Donella","Whatman","Japan","11183.03","4030.40","Finance"
"Gavan","Duckit","China","11011.67","6895.72","Design"
"Birch","Hedley","China","9127.70","4557.50","Finance"
"Marje","Coonan","China","7192.50","8064.46","Technology"
"Kathie","Linley","China","5890.29","11961.26","Technology"
"Adda","Penburton","China","6800.08","10093.06","Legal"
"Randolf","Leader","China","12845.52","12961.38","Finance"
"Nolie","Scotchbourouge","China","6784.33","7227.94","HR"
"Roanne","Royson","China","4295.60","10523.21","HR"
"Claudette","Chaves","China","7577.71","5077.22","HR"
"Lily","Housiaux","China","8763.47","9883.10","IT Support"
"Lula","Hayden","China","9949.85","10857.17","Technology"
"Rea","Zylberdik","China","8427.18","7212.59","HR"
"Zebulon","Ettery","China","7579.82","9326.73","Design"
"Arleyne","Verduin","China","50821.14","11970.27","Design"
"Ruben","Leeson","China","6311.62","8082.90","HR"
"Philippine","Cleen","China","8234.97","8635.94","Finance"
"Kirbee","Pett","Vietnam","4978.06","10349.85","IT Support"
"Dara","Newens","China","11470.60","8906.04","HR"
"Lillis","Almack","China","8341.01","5024.37","IT Support"
"Filippa","Elleton","Philippines","11126.12","10750.17","Legal"
"Sylvan","Skym","Philippines","10825.60","4598.11","Technology"
"Kaylil","Braidon","Malaysia","8891.47","8611.64","HR"
"Neville","Ovendale","China","12108.44","5821.83","Technology"
"Kent","Milne","Vietnam","12594.57","7917.92","Finance"
"Ann-marie","Brandi","Philippines","8727.04","11698.02","Finance"
"Cullie","Learmount","China","5065.58","10723.75","Technology"
"Tonia","Bruna","China","4723.29","5039.17","Finance"
"Alla","Ivakhin","China","12331.32","11620.33","Finance"
"Pip","Tulloch","Philippines","9521.99","10758.41","Technology"
"Burnaby","Dandison","Philippines","10680.93","7463.08","Design"
"Marys","Pauel","China","6207.14","11993.91","Technology"
"Lindsay","Shoebotham","Vietnam","8075.00","9824.64","IT Support"
"Anallese","Teasell","China","6346.51","7557.16","Legal"
"Taffy","Harbord","China","11450.60","8000.17","Technology"
"Lucias","Heffer","Philippines","4729.61","4010.92","IT Support"
"Somerset","Sprull","China","6245.82","6425.30","IT Support"
"Terry","Annear","China","7002.27","8057.23","Design"
"Colas","Adkins","China","5165.95","4171.63","HR"
"Nina","Cremen","China","4024.97","6519.46","Design"
"Marcella","Durnell","China","10048.34","9272.79","Technology"
"Ignazio","Marchington","Japan","4451.00","9774.49","HR"
"Babbette","Wiffen","China","11558.77","8255.89","Technology"
"Louisa","Starling","Japan","10099.75","4604.78","Technology"
"Rhonda","Galtone","China","9361.66","4763.77","HR"
"Brittaney","Height","Japan","7194.26","12203.32","HR"
"Darya","Crawshaw","China","9939.31","10004.47","Legal"
"Gisele","McGrotty","China","6248.02","11183.07","IT Support"
"Otis","Tranter","Philippines","10361.69","4554.32","Technology"
"Coraline","Paolozzi","China","11576.94","5332.52","Technology"
"Marylou","Stonuary","Malaysia","10404.48","7736.70","Technology"
"Had","Stamper","Philippines","6902.21","11920.12","Finance"
"Maddie","Ailsbury","China","7914.82","5491.00","Finance"
"Holt","Hanretty","China","12249.38","12732.64","Finance"
"Maia","Downham","Japan","11125.80","5197.34","Design"
"Janice","Bretland","China","11512.94","11650.36","Design"
"Jody","Fowkes","China","8349.22","9535.21","Design"
"Harriott","Greatham","China","4983.41","8440.22","IT Support"
"Gertrud","Wheble","China","8672.41","5670.31","Technology"
"Harry","Eveling","China","4113.75","4608.27","Design"
"Ethelda","Gomes","Japan","12463.12","4077.87","Finance"
"Graeme","Bensley","Thailand","10218.74","10851.19","HR"
"Dill","Walling","China","7973.97","11066.57","Finance"
"Candice","Fogden","China","6463.83","4866.38","HR"
"Aveline","Quare","Philippines","8424.19","11634.57","IT Support"
"Giuditta","Dobbin","Thailand","9442.36","9746.22","Technology"
"Othella","Slopier","China","4676.71","8450.51","Design"
"Lorry","Piddle","Philippines","4860.63","8039.70","Legal"
"Peria","Dearn","China","10378.58","12695.10","HR"
"Artair","Philipp","China","8957.20","7594.12","Finance"
"Cole","Gravet","China","8794.58","6790.37","Technology"
"Nanni","Tewes","China","8149.51","11318.25","Technology"
"Erhard","Dickenson","China","8655.14","7385.76","IT Support"
"Elia","MacAndreis","China","4694.29","4204.06","Legal"
"Minda","Ide","China","9146.76","5718.07","HR"
"Margi","De Rechter","China","8655.35","4492.24","HR"
"Kareem","Boarder","China","8800.03","9510.58","Legal"
"Alanna","Breadon","China","11826.82","10600.99","Design"
"Travus","Martinetto","China","10042.86","11589.34","Finance"
"Vincents","Houlston","Philippines","8417.80","12740.79","Design"
"Tab","Capaldi","China","10238.73","7137.66","Finance"
"Leela","Kenzie","Philippines","12104.08","4114.43","Design"
"Mireielle","Dominik","Vietnam","11499.63","4266.89","Finance"
"Marney","Maydwell","China","8486.14","4184.89","Design"
"Chelsae","Caulket","China","11306.63","10062.12","HR"
"Brietta","Aymer","Thailand","5482.59","10110.06","HR"
"Brewster","Duplan","Japan","4975.88","10320.32","Design"
"Merrielle","Brayn","Vietnam","10086.36","10549.58","Finance"
"Friedrich","Fretwell","Thailand","7443.92","8784.56","Design"
"Aldus","Ligoe","Vietnam","5712.89","7194.10","HR"
"Shelley","Pickance","Philippines","4111.58","6284.71","Finance"
"Caprice","Sinkinson","China","12970.64","9513.84","IT Support"
"Stewart","Schoenfisch","China","10428.17","11903.79","Design"
"Con","Pomfrett","China","8478.33","7555.05","Finance"
"Carleton","Renak","China","7786.90","11501.18","IT Support"
"Germayne","Scrowston","China","11346.77","9755.71","IT Support"
"Auria","Orable","China","8980.44","6993.52","Design"
"Georgi","Corran","Thailand","6519.25","7911.05","Finance"
"Bobbye","Taverner","China","9627.12","8959.65","HR"
"Audre","Meiningen","Philippines","5600.52","5812.53","Legal"
"Birgitta","Barbour","China","10838.13","9895.17","Technology"
"Barnie","Whalley","Japan","6485.44","12217.87","Legal"
"Lothario","Thresher","China","4290.92","4699.34","HR"
"Cale","Benyan","China","4823.92","11677.46","Finance"
"Nertie","Dytham","China","5770.97","7353.57","Finance"
"Anallise","Hyndman","China","8970.02","6013.86","IT Support"
"Ab","Domelow","China","10669.62","11359.62","Legal"
"Elliot","Solesbury","China","12125.87","4418.31","Design"
"Hyacinthia","Durn","Philippines","6407.49","6037.94","HR"
"Zollie","Cottam","China","12703.14","6066.78","Design"
"Elvyn","Brannan","China","10033.37","6378.84","HR"
"Nikolia","Boteman","Philippines","4777.92","7851.90","Design"
"Alanna","Gomm","China","12194.03","12045.02","Design"
"Raddy","Denton","China","10565.47","11301.65","HR"
"Dorisa","Durgan","Malaysia","7783.59","10738.95","Finance"
"Jeanna","Sheilds","China","11283.04","6736.73","HR"
"Lanita","Neale","China","8675.41","7904.36","IT Support"
"Sullivan","Paszek","China","8377.12","5653.17","Technology"
"Brina","Holdey","Philippines","9555.75","9835.97","Design"
"Stanislas","Lacey","Thailand","6166.52","9625.17","IT Support"
"Stanislas","Dimitresco","China","7334.03","12669.46","Legal"
"Peder","Whittuck","Thailand","11910.98","6941.10","Technology"
"Winston","Yakebovitch","Philippines","12718.38","9018.02","Design"
"Ardys","Prier","Japan","9946.52","11031.39","HR"
"Hedwig","Martugin","Japan","10477.79","4378.51","HR"
"Vale","Scahill","Philippines","11225.71","7802.86","HR"
"Gerry","Summons","Philippines","7957.48","10531.04","HR"
"Cordy","Willcox","Thailand","11200.72","11139.94","Finance"
"Ivan","Guidetti","China","6145.54","6008.82","IT Support"
"Forbes","Alam","Philippines","10261.70","8872.95","Design"
"Debor","Cattrell","China","5521.41","9855.82","HR"
"Berry","Dearlove","China","10227.04","10532.78","Technology"
"Lucienne","Songhurst","China","12786.20","11945.65","IT Support"
"Xylina","Wenban","China","5178.11","11583.94","Legal"
"Almeria","Cayton","China","4396.42","10533.92","Technology"
"Maddie","Eede","Philippines","11991.78","11398.27","HR"
"Drugi","Missenden","China","6963.13","11099.72","Finance"
"Dianne","Aleshintsev","China","7536.14","5768.53","Technology"
"Elinor","Surgen","China","7899.23","11562.68","IT Support"
"Eamon","Hambrick","China","10896.11","8598.92","Design"
"Norah","Matsell","China","8312.96","10582.33","Finance"
"Mercedes","Burdus","China","5919.76","12381.40","Finance"
"Townsend","Gantzman","Japan","12253.63","8714.55","Design"
"Marco","Conechie","China","6440.63","12225.71","Technology"
"Garrard","Petrelli","China","5911.38","8012.60","Technology"
"Clarice","Colly","China","5852.15","5879.17","IT Support"
"Sumner","Babb","China","7559.21","9857.01","Finance"
"Stesha","Nieass","China","6814.78","9693.19","Finance"
"Noella","Innwood","China","11282.10","11666.60","Legal"
"Gunner","Jupe","China","10415.60","12498.41","Technology"
"Abbe","Gregoriou","China","5496.29","5526.69","Design"
"Aila","Thornber","China","10083.93","4222.04","HR"
"Courtnay","Tiffin","China","8575.56","10977.97","Technology"
"Evanne","Cherry Holme","China","9846.26","4565.36","IT Support"
"Murray","Leward","China","4152.43","5625.60","Finance"
"Gabbie","Neumann","China","4305.23","8078.48","HR"
"Kacy","Plant","China","11969.88","12245.14","Finance"
"Alon","Binney","China","12473.63","6240.97","Legal"
"Gus","Alven","China","7960.07","5301.83","HR"
"Paulina","Gravenor","China","11799.02","4969.49","Legal"
"Kate","Jeandin","China","9249.22","10909.37","Technology"
"Rouvin","Cyples","China","4210.81","7602.93","IT Support"
"Leonid","Isaacson","China","4555.05","10655.36","IT Support"
"Ianthe","Grumbridge","China","7307.49","8138.14","Finance"
"Reggie","Lengthorn","China","7841.27","7695.75","HR"
"Letti","Cumesky","China","4304.56","5994.33","Legal"
"Anabelle","Dunning","Philippines","6677.25","5293.52","HR"
"Elaina","Mayo","China","8275.93","12180.28","Design"
"Hewie","O'Lunney","China","5978.94","4904.32","Design"
"Corrie","Challens","China","4615.94","12578.66","Legal"
"Burgess","Fairbank","China","9759.58","5832.56","IT Support"
"Jacquette","Laxtonne","China","10263.88","8992.95","Design"
"Masha","Laming","China","5170.01","7461.64","Finance"
"Maurita","Denty","China","6831.76","5057.57","Legal"
"Llewellyn","Jiru","Philippines","12138.32","5903.41","Legal"
"Nero","Keynd","China","6022.77","7657.78","Legal"
"Hubey","Szreter","Philippines","9551.09","12412.97","IT Support"
"Laraine","Isworth","China","6965.98","12444.96","Design"
"Coralyn","Ulyat","Thailand","7543.63","10774.03","Design"
"Horst","Fowkes","Malaysia","11682.09","6489.37","Design"
"Clair","Joye","Philippines","6301.77","4364.81","Technology"
"Cristal","Cahillane","Philippines","9945.33","6042.81","Technology"
"Reese","Bentson","Japan","9537.70","10565.24","Finance"
"Onfroi","Brailsford","Philippines","9764.51","7405.56","IT Support"
"Wenona","Kynman","Philippines","11207.62","5269.15","Design"
"Cullin","Duggan","China","9093.74","11704.91","Finance"
"Gisella","Lerwell","China","10565.32","10636.41","IT Support"
"Fancy","Thurston","China","9105.15","9649.81","Design"
"Salome","O'Lunny","China","11730.36","8777.36","Design"
"Hillery","Beaver","China","7382.76","4275.27","IT Support"
"Rori","Nijs","China","11123.50","12038.43","Legal"
"Annamarie","Masi","Vietnam","7763.08","7145.12","IT Support"
"Lil","Torrijos","Philippines","12584.77","4974.89","Technology"
"Amaleta","Oldaker","China","10800.95","11115.94","Finance"
"Brynne","De Andisie","China","10856.61","10157.70","Legal"
"Margareta","Tompkiss","China","4827.38","7553.51","Design"
"Corabelle","Garnul","China","10655.45","12212.36","Design"
"Haley","Vase","Philippines","7923.91","11775.87","IT Support"
"Abe","Skouling","China","6130.05","10523.10","IT Support"
"Henrie","Alban","Philippines","8978.27","9163.01","HR"
"Melany","Scarbarrow","China","6106.29","5507.33","Legal"
"Julieta","Girton","Thailand","10905.74","7087.27","Finance"
"Thorsten","Hamstead","China","10796.13","10332.17","Design"
"Meagan","Trussler","China","4596.73","5197.55","Technology"
"Solomon","Diment","China","7770.59","10528.99","Legal"
"Marcos","Greeves","China","12644.60","10355.86","Finance"
"Obadias","Rudd","China","12456.79","5187.14","Design"
"Electra","Scutt","China","7944.03","8126.33","Design"
"Rosina","Kilborn","Philippines","6047.45","5235.72","IT Support"
"Sapphire","Gleave","China","12510.89","6936.56","Design"
"Emmalynne","Antat","China","11558.37","8938.16","Legal"
"Bronson","Alastair","China","8389.98","8872.87","HR"
"Lawrence","Brugh","Thailand","6445.17","9782.73","IT Support"
"Massimiliano","Water","Malaysia","4083.63","10683.90","Legal"
"Gusta","Michelotti","China","12783.39","12681.66","IT Support"
"Stevy","Libreros","China","9408.53","12884.10","Legal"
"Michal","Betteriss","China","12452.32","4009.62","IT Support"
"Ania","Blakden","China","5701.21","12025.05","Technology"
"Rudd","Dodding","Philippines","12351.79","12667.11","Technology"
"Stern","Le Prevost","China","12877.88","9457.61","Finance"
"Gypsy","MacArd","China","7654.43","9827.39","HR"
"Hobard","Brim","China","11828.67","12860.62","Technology"
"Lydon","Ironside","Philippines","4075.81","7946.59","Legal"
"Menard","Dowd","Philippines","7329.37","6350.01","IT Support"
"Filippa","Sydry","Philippines","10327.48","4410.25","HR"
"Hyatt","Vahey","Philippines","8947.17","4859.50","Design"
"Florinda","Clipston","China","6695.63","10898.21","Technology"
"Guilbert","Knappett","China","7073.13","7110.23","Legal"
"Arman","Sissland","China","4388.93","11607.81","Design"
"Tammie","Englishby","China","9287.59","8912.48","Design"
"Marty","Beazley","China","11523.53","4046.86","HR"
"Justina","Dumini","China","5970.90","7266.31","Technology"
"Findlay","McDool","Philippines","5652.61","8479.06","IT Support"
"Tadd","Doulton","China","12136.29","4975.53","Design"
"Ado","Tilio","China","7894.90","8230.20","Design"
"Tobit","MacCole","China","12854.02","6030.42","IT Support"
"Hedwig","Riccardelli","China","4431.26","6471.20","Design"
"Yehudi","Jahnel","China","7571.33","12724.03","Technology"
"Cybill","Tedman","Japan","8337.15","11600.95","Legal"
"Tiebout","Goodsir","Philippines","8995.86","8914.64","Design"
"Portia","Chantillon","China","12478.14","6086.40","Technology"
"Constantine","Neat","China","9731.13","5252.23","Technology"
"Nora","McKall","China","10069.37","8377.21","Finance"
"Lotti","Oldknowe","China","5602.94","11522.22","Design"
"Kathleen","Quickenden","China","12463.76","10345.88","HR"
"Francisca","Grimolbie","China","10568.71","12989.29","IT Support"
"Tammie","Snedker","China","9165.83","10953.96","Finance"
"Bren","Dressel","Philippines","6954.29","9014.49","Design"
"Barb","Panks","China","12661.98","4424.88","HR"
"Ermanno","Slaughter","Philippines","7212.42","10891.04","HR"
"Caryn","Salsbury","Philippines","4573.77","11172.12","IT Support"
"Diahann","Lowsely","Malaysia","4985.47","9186.12","HR"
"Damiano","Pegram","China","5713.24","8570.99","Finance"
"Dominica","Ullyatt","China","8146.62","10896.49","Legal"
"Stacy","Herity","Philippines","9812.57","6554.04","Finance"
"Joela","Leader","Philippines","10186.65","11030.05","HR"
"Yuri","Maty","China","10790.24","5763.69","Finance"
"Smitty","Ord","China","11548.51","8286.43","Design"
"Nikaniki","Treasure","China","9604.35","4872.55","HR"
"Millisent","Meneyer","China","10134.51","4823.94","HR"
"Banky","Garnsey","China","5188.89","7404.62","Finance"
"Valaree","Keppe","Philippines","4429.74","4181.53","HR"
"Hy","Dutnall","China","8020.81","10624.40","Design"
"Nara","Cottle","China","8581.24","12620.72","Legal"
"Lexis","Cymper","China","7608.35","4313.95","Finance"
"Dalton","McKean","Philippines","8400.31","12353.25","HR"
"Marinna","Striker","China","9225.52","6272.17","Finance"
"Christal","Newark","Philippines","6414.40","5667.50","Finance"
"Keven","Goard","Philippines","5083.03","9638.58","IT Support"
"Lisha","Patnelli","Philippines","8808.70","7868.00","Technology"
"Chane","Dohr","China","4957.97","11684.54","Technology"
"Tomaso","Pleuman","Philippines","5777.94","4134.16","Design"
"Deina","Steinhammer","China","12263.85","10510.22","Design"
"Leopold","Gave","Philippines","8657.42","8094.91","Technology"
"Mira","Stollenbeck","China","7212.62","8663.99","Finance"
"Eugen","Booler","China","8922.96","10074.17","IT Support"
"Henri","Battany","China","9040.46","11001.32","Legal"
"Gayel","Moyler","Thailand","6559.50","7785.92","Design"
"Humfrid","Arnaudet","Philippines","5410.97","9159.51","Technology"
"Stewart","Bottlestone","China","12198.24","5268.17","Technology"
"Doti","Giannini","China","11464.89","6367.42","Legal"
"Elliot","Juanes","Japan","11436.07","5682.53","Technology"
"Ariela","Khristyukhin","China","5427.54","8826.24","Technology"
"Baily","Kaplin","China","5521.87","9606.84","IT Support"
"Suzanna","Dandison","China","11003.07","4004.75","Design"
"Eddy","Dutt","China","9228.39","11806.54","Design"
"Simeon","Philipps","China","12565.56","12804.53","IT Support"
"Imogene","Mariet","China","7013.07","11388.69","Technology"
"Lothario","Warrender","China","11256.45","9433.95","Legal"
"Mannie","Canet","China","9325.40","9453.08","Legal"
"Jamill","Mishow","China","7376.82","10159.67","Legal"
"Kamillah","Farron","China","5408.43","9339.41","Technology"
"Fan","Tineman","China","6169.57","4650.80","Technology"
"Kathy","Jaulme","China","5573.24","6002.60","Technology"
"Josephine","Kuhlmey","China","7503.25","12516.68","Finance"
"Mitzi","Bladder","Japan","4590.58","6069.21","Technology"
"Ilsa","Volante","Philippines","10301.12","10204.28","Finance"
"Phylis","Durrad","China","5629.37","7079.28","Legal"
"Coop","Burgot","China","11677.47","4660.80","Finance"
"Pammy","Gullberg","China","6686.46","4325.62","Technology"
"Gleda","Kleinschmidt","China","5129.57","5231.77","Finance"
"Towny","Bidnall","China","5996.73","11355.14","IT Support"
"Hedwiga","Eckley","China","6305.86","8053.15","Finance"
"Donavon","Loade","China","9738.78","8885.48","Finance"
"Fanchette","Fenech","China","5881.99","11001.37","IT Support"
"Britney","Stanwix","China","6451.15","9546.28","Legal"
"Zonda","Smale","Philippines","9494.34","8212.39","Legal"
"Gisela","Ricciardelli","China","12696.83","9060.59","Finance"
"Genni","Lytell","China","10370.11","12008.26","Finance"
"Clarita","Monksfield","China","10470.92","5007.24","HR"
"Helge","Henzley","Japan","5167.19","12572.34","IT Support"
"Ban","Posen","China","5941.99","6682.05","Technology"
"Dennie","Kermott","Philippines","9074.72","6602.33","Finance"
"Sibyl","Jennrich","Philippines","12616.07","12409.66","Design"
"Francyne","Newband","China","9593.56","10973.44","Legal"
"Zechariah","Kalinowsky","China","8347.66","5523.82","Design"
"Kipp","Scoffham","Thailand","6916.12","12190.64","Design"
"Pearle","Oleszczak","China","5818.32","8951.40","Design"
"Albertina","Gauden","Vietnam","10223.82","11254.31","Finance"
"Harv","Litterick","China","12453.25","5152.29","Design"
"Dorree","Grimwade","China","6396.88","11637.53","HR"
"Gwen","Jankowski","Thailand","8305.57","12573.61","Legal"
"Gerald","Rikkard","China","10734.59","7501.07","HR"
"Derby","Treadgold","China","9811.04","6587.00","Design"
"Silvester","Dowyer","Thailand","8829.19","6022.50","HR"
"Florinda","Petters","Vietnam","6015.21","12719.42","IT Support"
"Zilvia","Box","China","5721.76","7794.80","Legal"
"Keary","Lawry","China","12006.37","9462.07","Design"
"Yehudit","Lodovichi","China","9663.45","4983.76","Finance"
"Bertina","McDunlevy","Philippines","5963.84","11869.50","Legal"
"Alyda","Otton","Vietnam","10816.50","8189.64","Legal"
"Ulick","Hurling","China","12650.99","10530.26","Technology"
"Denise","Malham","China","9856.88","10446.48","Legal"
"Celene","Braxay","Philippines","7986.59","8964.71","HR"
"Rubie","Drivers","China","4652.55","7961.55","HR"
"Abrahan","Hall-Gough","Philippines","9043.82","12321.74","IT Support"
"Mirabella","Hurlestone","China","7675.54","10764.51","IT Support"
"Dulci","Ganny","China","5879.50","12639.85","HR"
"Karlik","Sherbrooke","China","9917.52","9048.04","HR"
"Gabbi","Paley","Japan","6104.75","11047.55","Legal"
"Cobby","Dreinan","China","11317.47","10881.21","IT Support"
"Tedman","Engledow","China","10708.90","10964.71","IT Support"
"Annalise","Bartoloma","China","5037.41","7858.23","Finance"
"Heather","Iacovielli","China","8123.16","9721.15","Design"
"Ermin","Brehat","Thailand","5717.55","4727.97","HR"
"Ralf","Every","Philippines","4323.34","5391.13","Technology"
"Terza","Twort","China","12687.14","11651.73","Design"
"Oralee","Spick","China","5652.35","8317.19","HR"
"Doll","Cassie","China","9872.45","11166.97","Finance"
"Kristen","Clancey","China","5207.58","12469.37","Legal"
"Rogerio","Bliben","Philippines","9283.86","9115.54","HR"
"Gabey","Gettins","China","7658.85","10520.65","Finance"
"Norri","Mandy","China","5904.59","4361.18","IT Support"
"August","Jeyes","Japan","8424.45","4645.88","Finance"
"Nicki","Oaker","Japan","12668.65","5037.13","IT Support"
"Adella","Mouncher","China","9357.96","4319.16","Design"
"Correna","Bimson","Thailand","8387.38","6597.01","Finance"
"Maximilien","Merkle","China","12163.99","6515.24","Legal"
"Edvard","Lowless","China","8793.86","8144.12","Finance"
"Hendrick","Bottoner","China","8234.15","12117.02","HR"
"Kelsi","McIlwaine","Japan","10068.92","6060.45","HR"
"Pietrek","Haydock","Vietnam","9143.49","10117.47","IT Support"
"Almeda","Inold","China","9974.42","9307.73","Technology"
"Ario","Say","China","4202.93","10328.90","Design"
"Tabb","Sigg","China","11078.20","10049.70","IT Support"
"Gabie","Cheverton","China","10164.77","10596.74","HR"
"Tomaso","Phippard","China","8273.73","12643.65","Finance"
"Marietta","Wordsley","Philippines","11948.34","4478.55","Legal"
"Kaine","Burdus","China","6293.84","7319.24","Design"
"Dyna","Degli Abbati","China","8894.62","6532.68","Design"
"Nanette","Thor","Philippines","12160.00","10005.11","Finance"
"Thia","Gillett","China","10436.10","12894.31","Design"
"Odella","Caulliere","China","12264.26","8273.56","HR"
"Archambault","Beeswing","Thailand","6924.69","11406.53","HR"
"Ediva","Ezele","China","12327.24","7872.31","IT Support"
"Lula","Hamsley","China","6295.17","4199.83","HR"
"Niccolo","Dearan","China","5875.80","8865.50","Legal"
"Gabby","Kesterton","China","7159.96","7150.68","HR"
"Alysia","Evamy","China","4987.44","9682.50","Technology"
"Jenica","Joynson","China","12425.41","12100.29","Technology"
"Farlee","Glamart","Philippines","9967.91","6964.24","Technology"
"Ronny","Stickel","China","6083.53","5833.56","Design"
"Jobi","Passion","China","8648.57","5623.35","IT Support"
"Josias","Duckerin","China","12507.52","7037.77","Design"
"Amalee","Gainseford","Philippines","8097.38","7279.56","HR"
"Salomone","Neachell","China","4663.53","7340.01","Finance"
"Farrel","Glabach","China","9739.04","8993.15","IT Support"
"Pris","Newman","Japan","12594.86","12612.70","Technology"
"Jobie","Bankes","China","5456.87","6286.10","Technology"
"Kathleen","Lerigo","Philippines","8931.60","5337.61","Legal"
"Johny","Brotherhood","China","8958.87","8114.92","Design"
"Sidnee","Dering","China","6429.90","7156.04","Technology"
"Lavinia","Berendsen","China","11684.08","5762.70","Technology"
"Sandra","Borsnall","China","12369.03","9921.14","Finance"
"Nicko","Steanson","Japan","9956.47","10398.42","HR"
"Denna","Cattle","Thailand","6279.06","6400.86","HR"
"Bevvy","Lawland","China","8515.99","8779.58","IT Support"
"Rodolph","Wickling","China","6059.27","8975.39","Finance"
"Roselin","Stangoe","Thailand","4428.24","9214.12","IT Support"
"Alon","Reid","China","6942.70","5603.21","IT Support"
"Astrix","Fennell","Thailand","10667.84","11554.54","Design"
"Boris","Beeston","China","4776.59","4806.38","HR"
"Lorette","Filpo","China","7470.46","10649.71","HR"
"Wilona","Funnell","China","6881.62","12998.36","Legal"
"Teodoro","Paulucci","China","10891.75","10692.92","Legal"
"Tove","Bozier","China","4749.71","10072.89","HR"
"Gustavo","Fehners","Philippines","12149.55","4626.92","Finance"
"Percy","Druett","Philippines","8496.03","11841.61","IT Support"
"Bari","Sparwell","Japan","10622.46","11245.57","HR"
"Romonda","Bursnell","Thailand","4233.00","8212.82","Legal"
"Vivianna","Lawtey","China","12805.68","12426.03","Legal"
"Shani","Mallall","China","7501.11","4621.67","Technology"
"Eran","Lowers","Vietnam","7288.16","11495.32","Legal"
"Elie","Suttill","Philippines","12091.37","6617.50","IT Support"
"Maxwell","Seawell","Philippines","7403.63","5314.88","Technology"
"Arne","Hambribe","China","9654.38","8859.78","Design"
"Cole","Philippault","China","8769.57","10856.06","HR"
"Claudette","Doe","China","4384.72","4278.82","Technology"
"Tally","Ausello","China","7730.76","5542.11","Legal"
"Archibald","Dunsleve","China","11600.97","10367.34","Legal"
"Karol","Vigrass","China","8750.42","5784.48","Design"
"Sidoney","Saddington","China","6582.07","5167.30","Technology"
"Charley","Mochar","China","6751.45","4178.35","Finance"
"Lester","Kenworthy","China","8114.86","12653.58","Finance"
"Blisse","Herrieven","China","5063.56","6943.50","Design"
"Olivie","Farrance","Philippines","12141.39","5860.48","Design"
"Sabrina","Mathias","China","6712.45","5320.15","HR"
"Arabele","Gantzer","Philippines","12972.26","10632.01","Design"
"Nil","Arson","China","11793.94","11435.14","Finance"
"Augusta","Husset","China","7943.33","5028.71","Technology"
"Ryann","Potzold","Philippines","9965.63","4998.97","Design"
"Asher","Peverell","China","8534.70","11801.47","Technology"
"Adolphus","Belt","China","9900.38","9389.40","IT Support"
"Darsey","Gregson","China","10508.39","5579.06","Design"
"Corbin","Mansion","Japan","5398.06","7375.65","HR"
"Taylor","Tethcote","China","8430.35","10966.81","Legal"
"Candie","Ockwell","Malaysia","9305.42","11205.53","IT Support"
"Derwin","Gonnelly","Japan","7558.48","7727.34","Finance"
"Carrie","Murch","China","11470.66","11445.62","Legal"
"Jaquenetta","Sebert","Philippines","5035.78","8229.27","Legal"
"Yetty","Emanson","China","10163.31","5975.66","IT Support"
"Chaunce","Charrette","Philippines","6638.22","12361.30","IT Support"
"Worthington","Bener","China","12426.72","11279.95","HR"
"Zachery","Winckle","China","10568.72","9365.10","HR"
"Jacklyn","Dallimore","China","9228.01","9083.34","HR"
"Cherey","Heaker","China","12838.06","9790.36","Design"
"Shannah","Bridywater","China","5434.19","4952.32","HR"
"Clementine","Blamey","China","5382.99","12195.37","Technology"
"Brittaney","Loudyan","China","9841.79","12131.09","Finance"
"Victor","Semrad","Vietnam","10125.58","11852.30","Technology"
"Norrie","Kealy","China","9846.12","6021.01","Technology"
"Breena","Prinne","China","5548.08","8322.27","Legal"
"Juliann","Plampin","China","10514.28","12628.70","Technology"
"Bradley","Candlish","China","8352.80","11992.34","Design"
"Audi","Preshous","China","11612.18","9918.99","IT Support"
"Laura","Glasspoole","China","10617.67","10138.05","Legal"
"Adriane","Antonacci","Philippines","7246.39","5191.62","HR"
"Derry","Orsi","China","7502.73","9077.53","IT Support"
"Margi","Hinz","China","9381.02","7211.40","Legal"
"Sallyanne","Mose","China","9949.12","12459.63","HR"
"Nathalie","Warlton","Philippines","12719.10","8013.67","Design"
"Maighdiln","Dryburgh","China","11370.43","7619.04","Design"
"Gabe","MacKimm","China","9565.69","6245.81","Finance"
"Donia","Wilkennson","China","6503.57","9297.91","Technology"
"Lynna","Allitt","China","6429.02","6069.81","Finance"
"Stafford","Corradi","China","6119.42","8526.14","IT Support"
"Celestyn","Russ","China","11487.21","6222.08","Design"
"Davin","Boggas","China","6862.22","5010.86","IT Support"
"Ravi","Hrinchishin","China","11261.86","6711.91","Legal"
"Jude","Harrell","China","9078.03","6268.36","HR"
"Eziechiele","Gaither","China","5368.28","7337.29","IT Support"
"Pansie","Kittless","Thailand","4265.69","10481.05","HR"
"Horton","Nehl","Philippines","11689.37","10421.72","IT Support"
"Auberta","Jozwik","China","9577.11","9777.62","Legal"
"Salomone","Heatlie","China","6822.75","7437.00","HR"
"Jacintha","Edinboro","Japan","11043.14","8430.80","Design"
"Rene","Owain","Philippines","11538.26","6093.90","Design"
"Tildie","Blasl","Vietnam","12771.96","6242.88","HR"
"Jerome","Sidery","Japan","9587.52","8787.00","HR"
"Cornall","Silberschatz","Philippines","7908.09","12309.33","IT Support"
"Craig","Wychard","Philippines","12450.70","11136.89","IT Support"
"Karney","Vautier","Philippines","5654.28","12977.59","Design"
"Jesse","Dubber","China","7562.09","4825.80","HR"
"Burr","Dalliston","China","11101.18","7427.49","Technology"
"Roselin","Challener","China","8774.50","8785.96","IT Support"
"Becky","Shakshaft","Philippines","11184.39","6406.90","Legal"
"Vikki","Swires","China","8408.35","9783.17","Legal"
"Waldo","Eckert","China","6163.81","4851.90","Finance"
"Jodie","Chaffer","China","12307.53","8248.07","IT Support"
"Elane","Cowland","China","10076.31","6224.69","Finance"
"Nicko","Steptoe","China","8039.09","12381.52","Legal"
"Erna","Houldin","China","4514.81","9524.70","Technology"
"Wilhelmine","Culross","Japan","12752.01","10340.14","Legal"
"Carlynne","Ragsdale","Philippines","12484.30","5841.68","Design"
"Lorita","Tenney","Thailand","5030.06","4056.59","Finance"
"Prue","Antonucci","Thailand","12652.68","12828.40","IT Support"
"Frazier","Margach","Thailand","12835.58","5329.97","HR"
"Wallis","Haill","Thailand","11562.71","4729.52","Design"
"Amargo","Danne","China","7966.19","8578.52","Finance"
"Kippar","Stolworthy","China","11014.96","5598.24","Design"
"Lurleen","Steventon","Malaysia","11838.70","11813.23","Legal"
"Cornie","Darlasson","China","5853.45","4337.83","IT Support"
"Gustav","Jeacocke","China","5184.75","8813.06","IT Support"
"Saraann","Solway","China","9497.48","9364.02","Legal"
"Innis","Mallia","Thailand","10426.49","11618.91","IT Support"
"Denny","Neno","Philippines","9716.35","8224.50","Finance"
"Ethan","Sappell","China","4045.27","9285.96","Legal"
"Dannie","Mahon","China","8395.78","11240.49","IT Support"
"Filia","Pleager","Philippines","9498.48","12704.29","HR"
"Julia","Guyan","China","6350.50","4475.08","HR"
"Vinny","Levicount","China","5472.68","12594.44","Legal"
"Ashly","Corkell","China","6027.89","12896.49","Design"
"Hallsy","Ivanov","China","11902.18","12678.51","Finance"
"Maurene","Hendrick","Japan","10302.99","7718.15","HR"
"Wrennie","Beardsworth","China","5268.95","4809.82","Finance"
"Charmane","Giacobillo","China","6207.89","6682.77","Finance"
"Mirna","Maden","China","7470.17","6529.79","IT Support"
"Juditha","Haker","China","7710.12","9832.88","Finance"
"Uriah","Budgen","China","9294.49","7276.62","Technology"
"Rayner","Austin","China","6178.79","10888.05","IT Support"
"Sibyl","Sprakes","China","10151.67","5586.84","Technology"
"Reinaldo","Tigwell","China","7440.81","11291.12","IT Support"
"Atalanta","Upston","Philippines","12558.87","9268.19","IT Support"
"Raquel","Fishpond","Philippines","11492.49","4783.61","Finance"
"Marylee","Wheway","Malaysia","11410.78","11202.65","HR"
"Chrisy","Botting","China","4350.16","6324.31","Technology"
"Margi","Danev","Philippines","4054.88","5861.53","Design"
"Don","Matityahu","China","8115.94","10499.66","HR"
"Wyn","McLaine","China","8897.71","6353.96","Design"
"Lanny","Iliff","China","6012.98","7055.16","IT Support"
"Dyanne","Denisevich","China","9923.97","7020.30","IT Support"
"Gearard","Skylett","China","9863.80","5348.50","Finance"
"Lynett","Loadman","China","7962.55","11720.36","Finance"
"Carolynn","Duplain","Philippines","5444.62","11834.60","IT Support"
"Blakeley","Muller","China","6229.74","6025.90","Legal"
"Lazar","Elnor","China","10237.05","10735.56","Legal"
"Brennen","Harron","Japan","11999.06","6018.20","Legal"
"Ramsay","Elcoate","Japan","5424.67","12123.79","Legal"
"Darcie","O'Fogarty","China","11212.44","7607.15","Finance"
"Xylina","Hapke","China","11177.72","7877.77","Legal"
"Kent","Earney","China","9612.56","4102.36","IT Support"
"Gerrilee","Cristou","China","12429.11","8036.29","Design"
"Juditha","Cowlishaw","China","5542.75","4673.75","HR"
"Godfry","Sharvill","China","11904.17","6911.35","Technology"
"Xenos","Lynett","China","11898.17","12977.06","Design"
"Madelaine","Brotherick","Japan","12149.41","5094.61","Finance"
"Caressa","Drewell","China","12766.38","10584.53","Technology"
"Clementia","Strutton","China","9234.38","8634.79","Finance"
"Eudora","Elleyne","China","10024.91","4796.27","Legal"
"Gauthier","Bowater","China","5912.28","6458.62","Technology"
"Gaylor","Veazey","China","9620.74","9847.94","Legal"
"Maria","Dobbie","China","4488.00","12944.31","Design"
"Hortense","Van Halle","Japan","5552.33","5400.84","HR"
"Tilly","Lanning","China","5320.23","6116.79","HR"
"Mari","Cappell","Thailand","5626.16","11693.78","Legal"
"Bob","Heddan","China","12144.54","9767.42","IT Support"
"Sheila","Beamish","China","4790.83","4990.38","Legal"
"Markus","Wogden","China","4253.36","11769.32","IT Support"
"Arron","Clemencet","China","7629.68","5815.29","Legal"
"Pancho","Lampaert","China","10646.80","11292.36","Finance"
"Joannes","Omond","Vietnam","11174.23","7328.93","IT Support"
"Briana","Jedraszczyk","China","6648.75","5201.88","Finance"
"Robers","Scammonden","China","4089.69","5031.53","IT Support"
"Denys","Bamforth","Malaysia","7559.06","12080.65","Design"
"Luise","Farahar","Philippines","5765.22","6516.66","Finance"
"Matilde","Tomasini","China","5997.73","8310.49","Legal"
"Carlie","Cokely","China","4192.61","8285.82","Technology"
"Janette","Agron","Japan","5164.59","10392.98","Technology"
"Merwyn","Brouard","China","8853.13","10534.76","IT Support"
"Smith","Stoute","China","10486.02","9961.33","IT Support"
"Maurizio","Maund","Japan","8291.01","9858.07","IT Support"
"Meryl","Hackworthy","China","4210.89","11934.83","Legal"
"Rolfe","Perkis","China","12075.23","10436.10","Technology"
"Adriane","Caig","China","5833.78","12708.00","HR"
"Lynsey","Simnell","China","7073.88","8475.10","Legal"
"Parker","Alflat","Philippines","5255.92","8149.86","Technology"
"Petronille","Oke","China","5071.35","12486.48","Legal"
"Yancey","Attlee","China","5206.61","5540.64","Legal"
"Bessy","Tyhurst","China","12666.93","5300.01","Technology"
"Raff","Morse","China","7473.02","6481.71","Technology"
"Lulita","Ollier","China","6637.91","6643.18","IT Support"
"Bertine","Acott","Thailand","12127.84","12682.48","Design"
"Kippy","Pennino","China","9596.41","11578.09","Technology"
"Lewie","Steart","Japan","12582.97","4143.91","Design"
"Cherida","Bastow","Philippines","6650.47","4453.81","Finance"
"Arel","Gofforth","Malaysia","12479.93","12891.02","HR"
"Cullin","Dives","China","6201.70","5727.60","Finance"
"Deeanne","Hefforde","China","7154.93","5675.61","Technology"
"Gavan","Shoulders","China","9498.74","10393.55","Legal"
"Randolph","Endersby","China","9065.01","7084.24","Finance"
"Beale","Fontaine","Japan","8058.48","6263.83","HR"
"Gennifer","Sutheran","Vietnam","9240.48","5337.63","Design"
"Eberhard","McCalister","China","5095.43","7022.87","IT Support"
"Skyler","Evamy","China","7705.39","10930.81","Legal"
"Bernadette","Charles","China","10342.22","5476.77","Finance"
"Walther","Jimeno","China","4782.60","7985.49","HR"
"Weylin","Lisciardelli","Vietnam","12903.19","6047.47","IT Support"
"Gus","Levey","China","12699.52","7106.37","Legal"
"Felicia","Glassborow","China","7490.02","12605.94","Technology"
"Mayor","Stickford","China","4168.24","9947.20","Technology"
"Langston","Izchaki","China","10735.91","8476.22","HR"
"Modestia","Maslen","China","12590.45","8366.36","IT Support"
"Max","Livingstone","China","9433.35","11071.13","Design"
"Vonny","Boase","China","9872.39","11608.00","Design"
"Cari","Hlavecek","Thailand","5562.02","4908.52","Finance"
"Barbette","Seeler","Philippines","5445.98","6433.33","Finance"
"Karen","Joburn","China","7256.48","7194.80","Finance"
"Ingra","Gisbye","China","5965.41","10813.87","HR"
"Thedric","Louisot","Philippines","5788.20","9103.71","IT Support"
"Laurena","Nazer","Philippines","12448.57","12013.57","Design"
"Magdalena","Bohl","China","10066.99","10463.27","Finance"
"Robbert","Diggins","Philippines","6786.61","11218.54","HR"
"Harriet","Gissing","Thailand","11714.13","10819.49","Technology"
"Kimberly","Pieracci","China","9150.55","6021.01","HR"
"Wini","Sills","China","11732.31","11444.97","Design"
"Susanne","Tucknutt","China","10721.84","12547.44","Design"
"Rasia","O' Kelleher","China","12454.12","9191.65","IT Support"
"Tabby","Maton","China","9205.57","12727.32","Legal"
"Marylou","Norledge","China","12786.24","9604.58","Technology"
"Hakim","Lindeboom","Japan","9517.51","5360.78","IT Support"
"Shelly","Ephson","China","11141.68","9695.34","IT Support"
"Emera","Brewett","Philippines","12447.15","11083.26","Design"
"Cherise","Caldero","Philippines","4458.09","5118.53","Technology"
"Verla","Le Brum","China","12123.19","10247.04","HR"
"Jacqueline","Shovel","China","7831.52","11192.71","Technology"
"Berni","Darlow","China","5213.49","10335.14","Legal"
"Friederike","Kesley","China","9336.62","7551.15","Technology"
"Nariko","Ollerenshaw","Philippines","11441.95","5012.78","HR"
"Jacob","Middlemist","Philippines","6494.47","9227.73","IT Support"
"Imojean","Janota","Philippines","7937.97","6114.76","Technology"
"Ebenezer","Allsworth","Japan","7286.40","7922.67","Finance"
"Armand","Tye","Japan","9029.09","7602.79","Technology"
"Beniamino","Clayworth","China","9035.66","4744.63","IT Support"
"Flory","Rockcliff","China","6399.59","7693.73","Finance"
"Honoria","Forst","China","6269.61","5683.35","Design"
"Anna-diana","Liffey","China","7651.11","5940.87","Finance"
"Wilone","Rosenfeld","China","8690.29","7272.64","Technology"
"Karrie","Fernley","China","6961.12","11430.82","HR"
"Padriac","Handley","China","12138.51","7281.28","Technology"
"Jeniece","Hiddy","China","11878.23","6788.70","Technology"
"Humphrey","Deehan","Japan","10233.35","9807.38","Finance"
"Clayborne","Kliement","China","4425.27","9634.58","Technology"
"Arni","De Cruz","China","11371.45","5198.21","Technology"
"Vere","Bannerman","China","7408.94","12192.40","Legal"
"Blinny","Dominy","Philippines","10761.40","5145.07","Legal"
"Nannette","Mabbott","China","4374.77","6825.23","Finance"
"Patrizia","Oldman","China","8766.79","4538.34","Finance"
"Mick","Andraud","Japan","12183.24","6513.52","HR"
"Philippe","Tineman","China","4833.48","7720.79","IT Support"
"Latisha","Pimblott","Vietnam","6668.41","7410.68","Technology"
"Lorine","Dovey","China","9456.03","9544.56","Legal"
"Marc","Drysdall","China","4723.34","11038.58","Finance"
"Carleton","Kleinschmidt","China","9553.50","8267.87","Design"
"Antoine","Pere","China","6948.90","11614.63","Finance"
"Chloette","Loffhead","China","10464.92","8275.19","Design"
"Leon","Lerven","China","9318.18","7381.03","Legal"
"Jessamine","Jenking","China","11289.35","8501.79","Design"
"Elnore","Benka","China","4643.30","7478.81","Legal"
"Luce","Sheldrake","Vietnam","6889.41","4443.88","IT Support"
"Glenda","Buckell","Philippines","4103.58","7136.17","Finance"
"Annabelle","Giacomazzo","China","10696.36","11132.65","Design"
"Bee","Harrald","Japan","11854.58","6941.51","Technology"
"Goldina","Barlie","China","5186.62","10976.07","Design"
"Haskel","Sandifer","China","8364.85","4447.45","Legal"
"Hyatt","Busfield","China","7067.57","4924.13","Technology"
"Tristam","Newall","China","4300.14","5918.39","Design"
"Gizela","Ausello","China","6906.68","9574.81","HR"
"Kristyn","Mobbs","Thailand","12532.29","12983.39","IT Support"
"Vidovik","Rofe","Philippines","4138.64","6203.95","Design"
"Carly","Olenichev","China","9786.26","5250.75","Finance"
"Theresita","Keggins","China","12427.82","6287.04","Design"
"Hilda","Klimushev","Thailand","7921.31","4626.13","Technology"
"Caitlin","Hof","China","5297.96","6274.46","HR"
"Druci","Shorland","Vietnam","6122.48","9667.06","Legal"
"Rafi","Vause","Thailand","7232.13","9523.41","Finance"
"Orville","Demeza","Vietnam","12067.88","9825.45","Design"
"Ivy","Geroldini","China","10625.55","11082.96","Design"
"Estele","Edelman","China","5975.48","11458.57","Legal"
"Tobe","Instone","China","4996.81","11153.34","Design"
"Kyla","Sinnett","China","4073.71","6117.47","Legal"
"Maighdiln","McKendry","China","4200.09","8772.34","Design"
"Ashley","Boddy","China","8085.39","7086.03","IT Support"
"Kaleb","Skin","China","4179.21","11233.12","HR"
"Addi","Goodlake","China","8088.82","10155.89","HR"
"Carolina","Rawsthorne","China","10439.95","7016.99","Finance"
"Elaine","Golden of Ireland","Malaysia","7850.79","11169.31","Technology"
"Raquela","Phelan","China","11449.49","5964.03","HR"
"Lynnett","Kittman","China","9911.68","5099.73","IT Support"
"Addy","Mouncey","Philippines","8169.06","6942.66","Technology"
"Tory","Theuss","China","9110.53","4906.37","Design"
"Ileana","Durward","Thailand","12821.58","4519.93","Technology"
"Row","Jonathon","Philippines","7965.66","11898.67","Finance"
"Chico","Aulton","China","9820.16","5397.34","Technology"
"Prudence","Overal","China","6679.65","4748.00","Design"
"Isadore","Manach","China","4475.99","4670.59","Legal"
"Marylinda","Compford","China","4606.67","12007.07","IT Support"
"Aland","Marsland","China","9060.63","10581.09","Technology"
"Evan","Naile","China","11683.42","7104.11","Technology"
"Loise","Alenichicov","Vietnam","9546.26","5589.97","Legal"
"Clarine","Hebner","China","9849.93","5458.09","Legal"
"Archaimbaud","Ellaway","China","7242.54","5859.79","Technology"
"Amber","Tineman","China","6279.16","5074.27","Legal"
"Nikolas","Kynge","Japan","10875.96","10272.30","Design"
"Paige","Heavy","Philippines","12880.60","11659.35","IT Support"
"Dodie","Ramm","China","12152.68","5783.83","Finance"
"Laure","O'Feeny","Philippines","12344.35","6862.79","Legal"
"Alexander","Smitheram","Philippines","10565.10","10525.15","Finance"
"Lynnea","Dutt","China","10282.65","7840.22","Technology"
"Diena","Baker","China","6216.06","7442.50","HR"
"Lian","Issacov","Thailand","10538.31","12417.77","IT Support"
"Clarette","Di Matteo","Philippines","8016.48","10340.80","Finance"
"Demetra","Beams","Philippines","12552.79","10654.70","HR"
"Romy","Eighteen","Thailand","8377.46","9966.65","Technology"
"Verine","Asling","Vietnam","10109.78","6669.86","Legal"
"Goraud","Castagnaro","Philippines","5377.00","7985.11","HR"
"Guglielmo","Hubert","China","5596.72","5769.85","Legal"
"Sheela","Branno","Japan","5533.37","7673.40","Legal"
"Tracie","Laverenz","China","11162.16","9858.64","Legal"
"Forrest","Davey","China","6520.72","4803.45","Legal"
"Nestor","Smead","China","7903.93","9819.83","HR"
"Giorgio","Overington","China","11941.00","7264.94","Technology"
"Thorn","Auton","China","12640.28","11227.20","Finance"
"Letizia","Wheildon","China","12893.37","10743.23","Technology"
"Bayard","Chubb","China","12050.48","9640.63","HR"
"Veronike","Lindmark","China","10736.52","8567.75","Design"
"Vilhelmina","Whotton","China","8153.66","4259.98","Legal"
"Toddy","Shord","China","6818.92","11467.77","Design"
"Ogdon","Gery","China","5386.58","9542.37","IT Support"
"Frannie","Bidewel","China","6551.29","11525.91","Finance"
"Henryetta","Ducker","Philippines","11087.32","5402.50","Legal"
"Seumas","Aguirre","China","4864.94","10440.55","Legal"
"Billye","Arnaudot","China","10898.31","11840.00","Technology"
"Renelle","Trim","Philippines","10647.66","6319.76","Technology"
"Kari","Ost","China","11505.99","11310.66","IT Support"
"Sophie","Kensitt","China","5897.19","6180.61","HR"
"Marcy","Filasov","Vietnam","12305.51","11504.85","IT Support"
"Tedra","Hintzer","Thailand","9875.26","8148.74","IT Support"
"Meyer","Gluyus","China","9187.97","11559.07","Finance"
"Margeaux","Strick","China","6383.51","7363.74","Design"
"Kalie","Baroux","Philippines","5270.71","5627.83","HR"
"Lazar","Klassmann","China","4686.09","5919.93","Design"
"Christy","Rubenchik","Thailand","8697.15","5641.32","Technology"
"Tilda","Mapples","China","11706.98","7397.55","Design"
"Heidi","Ashfold","China","7060.16","8861.57","IT Support"
"Vassili","Fatkin","Thailand","7460.56","9137.79","Technology"
"Venita","Cumberledge","China","11882.34","4539.64","Technology"
"Kurtis","Varney","Japan","5418.90","12637.14","Technology"
"Gretna","Shynn","China","7703.07","7708.16","Design"
"Jillie","Knagges","China","4042.91","7475.10","IT Support"
"Guinna","Dangl","China","4886.51","9956.38","IT Support"
"Rubi","Jobb","China","4507.36","12598.77","HR"
"Aggi","Esmond","China","5404.64","8876.04","Finance"
"Silas","Peggram","Philippines","6756.46","8881.49","Technology"
"Willis","Sergent","China","7654.59","6995.16","HR"
"Dani","Mangin","China","11377.23","4115.30","Technology"
"Linnell","Steadman","China","10877.74","12152.80","Legal"
"Franny","Ricciardello","China","7615.95","7190.66","Design"
"Milton","Heasman","China","6700.53","10891.37","Design"
"Kelcey","Lippitt","China","12224.08","9163.47","IT Support"
"Patricia","Whelan","Japan","5790.08","9821.45","IT Support"
"Angelica","Yarnton","China","11487.56","6531.68","IT Support"
"Flor","Bilverstone","China","9050.24","4429.58","Technology"
"Julie","Bradden","China","4925.11","5282.58","Technology"
"Kipper","Mewrcik","Philippines","12860.19","5622.13","Legal"
"Beltran","Bain","China","11915.13","10536.42","Technology"
"Shirlene","Butson","China","9375.68","5658.24","Design"
"Joleen","Esposito","China","10457.40","10588.57","HR"
"Pen","Hellis","Philippines","9966.00","5697.04","Legal"
"Annelise","Noquet","China","8668.04","12202.09","HR"
"Rafi","Porch","Philippines","11811.13","9457.12","Finance"
"Burke","Fisk","Japan","11031.39","9918.84","Technology"
"Ingram","Wraxall","China","8980.17","7738.38","Finance"
